first_name,last_name,email,gender,currency
Jane,Richardson,jrichardson0@addtoany.com,Female,Lek
Peter,Howard,phoward1@alibaba.com,Male,Lempira
Joe,Mcdonald,jmcdonald2@ovh.net,Male,Yuan Renminbi
Russell,Burke,rburke3@latimes.com,Male,Baht
Ruth,White,rwhite4@webeden.co.uk,Female,Yuan Renminbi
Heather,Banks,hbanks5@nasa.gov,Female,Rial
Jessica,Wilson,jwilson6@blog.com,Female,Krona
Stephanie,Lee,slee7@addtoany.com,Female,Rupiah
Carol,Garza,cgarza8@blog.com,Female,Peso
Bobby,Butler,bbutler9@icq.com,Male,Sol
Christine,Carter,ccartera@desdev.cn,Female,Franc
Tina,Nelson,tnelsonb@sourceforge.net,Female,Dollar
Peter,Torres,ptorresc@ustream.tv,Male,Euro
Raymond,Austin,raustind@arstechnica.com,Male,Yen
Kathryn,Cole,kcolee@sbwire.com,Female,Peso
Lois,Baker,lbakerf@google.pl,Female,Yuan Renminbi
Jack,Rivera,jriverag@cdc.gov,Male,Yuan Renminbi
Gary,Bishop,gbishoph@berkeley.edu,Male,Dollar
Wanda,Adams,wadamsi@blinklist.com,Female,Yuan Renminbi
Jimmy,Clark,jclarkj@xrea.com,Male,Hryvnia
Martin,Sullivan,msullivank@vistaprint.com,Male,Yen
Howard,Owens,howensl@scientificamerican.com,Male,Rupiah
Joe,Fisher,jfisherm@seesaa.net,Male,Leone
Louise,Schmidt,lschmidtn@utexas.edu,Female,Ruble
Bobby,Howell,bhowello@ovh.net,Male,Ruble
Ruth,Gutierrez,rgutierrezp@goo.gl,Female,Euro
Teresa,Bowman,tbowmanq@studiopress.com,Female,Euro
Craig,Perkins,cperkinsr@reddit.com,Male,Euro
Daniel,Moore,dmoores@mozilla.com,Male,Euro
Eric,Carpenter,ecarpentert@homestead.com,Male,Rupee
Mary,Stewart,mstewartu@usa.gov,Female,Taka
Bruce,Henry,bhenryv@zdnet.com,Male,Pound
Justin,Campbell,jcampbellw@go.com,Male,Ruble
Edward,Olson,eolsonx@gmpg.org,Male,Koruna
Jane,Walker,jwalkery@oaic.gov.au,Female,Rupiah
Norma,Hernandez,nhernandezz@com.com,Female,Ruble
Theresa,Rodriguez,trodriguez10@omniture.com,Female,Yuan Renminbi
Sharon,Riley,sriley11@gravatar.com,Female,Real
Henry,Bailey,hbailey12@odnoklassniki.ru,Male,Rupee
Raymond,Carr,rcarr13@privacy.gov.au,Male,Euro
Willie,Carter,wcarter14@mayoclinic.com,Male,Peso
Katherine,Larson,klarson15@issuu.com,Female,Yuan Renminbi
Johnny,Hanson,jhanson16@sakura.ne.jp,Male,Rupee
Angela,Ross,aross17@bloglovin.com,Female,Koruna
Charles,Howell,chowell18@businessinsider.com,Male,Yuan Renminbi
Richard,Ross,rross19@desdev.cn,Male,Euro
Patrick,Frazier,pfrazier1a@statcounter.com,Male,Euro
Ruth,Richards,rrichards1b@jigsy.com,Female,Yuan Renminbi
Howard,Cole,hcole1c@quantcast.com,Male,Euro
Bobby,Edwards,bedwards1d@pen.io,Male,Lempira
Kathleen,Allen,kallen1e@yellowpages.com,Female,Euro
Andrea,Grant,agrant1f@blogs.com,Female,Peso
Michelle,Carr,mcarr1g@netscape.com,Female,Zloty
Samuel,Sims,ssims1h@com.com,Male,Yuan Renminbi
Debra,Vasquez,dvasquez1i@goo.gl,Female,Rupiah
Sean,Myers,smyers1j@rambler.ru,Male,Krona
Pamela,Ford,pford1k@g.co,Female,Dirham
Peter,Mason,pmason1l@amazon.com,Male,Peso
Ruby,Willis,rwillis1m@shop-pro.jp,Female,Euro
Betty,Ray,bray1n@mayoclinic.com,Female,Rupiah
Christina,Jackson,cjackson1o@parallels.com,Female,Peso
Bobby,Ortiz,bortiz1p@telegraph.co.uk,Male,Franc
Phyllis,White,pwhite1q@oakley.com,Female,Rupiah
David,Greene,dgreene1r@msu.edu,Male,Naira
Lori,Duncan,lduncan1s@techcrunch.com,Female,Tenge
Susan,Martinez,smartinez1t@google.com.hk,Female,Guarani
Patrick,Stanley,pstanley1u@epa.gov,Male,Euro
Gloria,Martin,gmartin1v@spotify.com,Female,Rial
Eric,Warren,ewarren1w@nature.com,Male,Guarani
Pamela,Murray,pmurray1x@sphinn.com,Female,Yuan Renminbi
Heather,Garrett,hgarrett1y@google.co.uk,Female,Dirham
Russell,Roberts,rroberts1z@geocities.com,Male,Rupiah
Anne,Hernandez,ahernandez20@wikia.com,Female,Ruble
George,Holmes,gholmes21@jimdo.com,Male,Yuan Renminbi
Amy,Dunn,adunn22@yellowbook.com,Female,Dinar
Charles,Nelson,cnelson23@issuu.com,Male,Euro
James,Elliott,jelliott24@multiply.com,Male,Peso
Debra,Peterson,dpeterson25@hud.gov,Female,Rupiah
Keith,Morrison,kmorrison26@amazon.com,Male,Ruble
Amy,White,awhite27@github.com,Female,Peso
Virginia,Carpenter,vcarpenter28@amazon.co.jp,Female,Kuna
Craig,Hamilton,chamilton29@posterous.com,Male,Krona
Kimberly,Stone,kstone2a@elpais.com,Female,Rupee
Paul,Holmes,pholmes2b@microsoft.com,Male,Real
Diana,Davis,ddavis2c@printfriendly.com,Female,Yuan Renminbi
Patricia,Washington,pwashington2d@hugedomains.com,Female,Real
John,Burton,jburton2e@meetup.com,Male,Yuan Renminbi
Helen,Hunt,hhunt2f@cisco.com,Female,Dollar
Scott,Reed,sreed2g@goo.ne.jp,Male,Peso
Albert,Crawford,acrawford2h@opera.com,Male,Peso
James,Reed,jreed2i@ovh.net,Male,Yen
Cynthia,Brown,cbrown2j@europa.eu,Female,Krona
John,Mills,jmills2k@mail.ru,Male,Peso
Ashley,Johnston,ajohnston2l@ebay.co.uk,Female,Ruble
Chris,Henderson,chenderson2m@list-manage.com,Male,Peso
Bobby,Kelly,bkelly2n@1und1.de,Male,Yuan Renminbi
Rose,Jordan,rjordan2o@auda.org.au,Female,Sol
Joan,Fisher,jfisher2p@ezinearticles.com,Female,Rupiah
Julia,Young,jyoung2q@shareasale.com,Female,Rupiah
Jesse,Day,jday2r@foxnews.com,Male,Kuna
Sean,Palmer,spalmer2s@ucsd.edu,Male,Dollar
Tammy,Collins,tcollins2t@ted.com,Female,Rupiah
Roy,Price,rprice2u@goo.ne.jp,Male,Yuan Renminbi
Evelyn,Fox,efox2v@stumbleupon.com,Female,Sol
Christine,Kelly,ckelly2w@elegantthemes.com,Female,Rupiah
Jessica,Jenkins,jjenkins2x@prnewswire.com,Female,Rupiah
Anne,Hawkins,ahawkins2y@ning.com,Female,Yuan Renminbi
Deborah,Hicks,dhicks2z@tripadvisor.com,Female,Rupiah
Nancy,Simpson,nsimpson30@friendfeed.com,Female,Ruble
Shawn,Wagner,swagner31@bing.com,Male,Shilling
Justin,Wright,jwright32@1und1.de,Male,Yuan Renminbi
Tammy,Banks,tbanks33@elpais.com,Female,Rupiah
Judy,Dunn,jdunn34@weibo.com,Female,Dong
Jimmy,Freeman,jfreeman35@unblog.fr,Male,Hryvnia
Denise,Harper,dharper36@tripod.com,Female,Euro
Deborah,Collins,dcollins37@ocn.ne.jp,Female,Kyat
Annie,Sullivan,asullivan38@engadget.com,Female,Dollar
Ernest,Fernandez,efernandez39@newyorker.com,Male,Krona
Tina,Fisher,tfisher3a@ustream.tv,Female,Shekel
Deborah,Foster,dfoster3b@narod.ru,Female,Yuan Renminbi
Nancy,Mcdonald,nmcdonald3c@samsung.com,Female,Yen
Doris,Torres,dtorres3d@zdnet.com,Female,Euro
Judith,Mccoy,jmccoy3e@stumbleupon.com,Female,Pound
Stephanie,Jenkins,sjenkins3f@netscape.com,Female,Yuan Renminbi
Carlos,Taylor,ctaylor3g@nifty.com,Male,Euro
Anthony,Stephens,astephens3h@360.cn,Male,Yuan Renminbi
Melissa,Tucker,mtucker3i@nationalgeographic.com,Female,Zloty
Evelyn,Dixon,edixon3j@mashable.com,Female,Euro
Larry,Torres,ltorres3k@lycos.com,Male,Rupiah
Carlos,Moore,cmoore3l@forbes.com,Male,Forint
Linda,Dunn,ldunn3m@dailymail.co.uk,Female,Yuan Renminbi
Bobby,Moore,bmoore3n@privacy.gov.au,Male,Peso
Teresa,Crawford,tcrawford3o@eventbrite.com,Female,Shilling
Nicholas,Thompson,nthompson3p@narod.ru,Male,Cordoba
Jane,Rodriguez,jrodriguez3q@europa.eu,Female,Yen
Steven,Harper,sharper3r@tuttocitta.it,Male,Kuna
Justin,Evans,jevans3s@newsvine.com,Male,Marka
Gary,Chavez,gchavez3t@shinystat.com,Male,Yuan Renminbi
Louis,Morris,lmorris3u@netvibes.com,Male,Lempira
Joe,Greene,jgreene3v@wunderground.com,Male,Yuan Renminbi
Kimberly,Nichols,knichols3w@xing.com,Female,Peso
Bruce,Hicks,bhicks3x@miitbeian.gov.cn,Male,Ruble
Elizabeth,Young,eyoung3y@yellowbook.com,Female,Yen
Susan,Brooks,sbrooks3z@census.gov,Female,Yuan Renminbi
Matthew,Olson,molson40@comsenz.com,Male,Euro
Randy,Chavez,rchavez41@jugem.jp,Male,Rupiah
Melissa,Bennett,mbennett42@unblog.fr,Female,Euro
Sean,Price,sprice43@princeton.edu,Male,Peso
Carolyn,Hughes,chughes44@thetimes.co.uk,Female,Cordoba
Jacqueline,Ray,jray45@bloglines.com,Female,Yuan Renminbi
Bobby,Daniels,bdaniels46@seesaa.net,Male,Koruna
Patrick,Daniels,pdaniels47@reference.com,Male,Real
Jane,Wells,jwells48@slideshare.net,Female,Baht
Pamela,Alvarez,palvarez49@exblog.jp,Female,Sol
Howard,West,hwest4a@walmart.com,Male,Baht
Shirley,Tucker,stucker4b@businesswire.com,Female,Rupiah
Juan,Matthews,jmatthews4c@hibu.com,Male,Rupiah
Karen,Lane,klane4d@imgur.com,Female,Ruble
Paula,Murray,pmurray4e@amazon.co.jp,Female,Euro
Sharon,Jenkins,sjenkins4f@example.com,Female,Rupiah
Rachel,Gibson,rgibson4g@a8.net,Female,Rupee
Jennifer,Harvey,jharvey4h@wsj.com,Female,Rupiah
Adam,Little,alittle4i@webs.com,Male,Ringgit
Mary,Hayes,mhayes4j@ftc.gov,Female,Rupee
Amy,Simpson,asimpson4k@wisc.edu,Female,Ruble
Frank,Robertson,frobertson4l@behance.net,Male,Tenge
Billy,Carpenter,bcarpenter4m@mlb.com,Male,Euro
Virginia,Carpenter,vcarpenter4n@theatlantic.com,Female,Yuan Renminbi
Shirley,Flores,sflores4o@google.com.br,Female,Euro
Susan,Lopez,slopez4p@senate.gov,Female,Yuan Renminbi
Ronald,Kelly,rkelly4q@zdnet.com,Male,Dong
Mary,Evans,mevans4r@bloomberg.com,Female,Krona
Bonnie,Stevens,bstevens4s@studiopress.com,Female,Leu
Mildred,White,mwhite4t@furl.net,Female,Rupiah
Michael,Cunningham,mcunningham4u@samsung.com,Male,Yuan Renminbi
Peter,Cruz,pcruz4v@behance.net,Male,Yuan Renminbi
Stephanie,Carroll,scarroll4w@wiley.com,Female,Yuan Renminbi
Scott,Alexander,salexander4x@newsvine.com,Male,Hryvnia
Rachel,Hill,rhill4y@networkadvertising.org,Female,Quetzal
Judy,Campbell,jcampbell4z@go.com,Female,Peso
Ryan,Austin,raustin50@bluehost.com,Male,Yuan Renminbi
Tina,Hall,thall51@businessweek.com,Female,Rupiah
Sarah,Price,sprice52@prnewswire.com,Female,Ruble
Paula,Bowman,pbowman53@qq.com,Female,Euro
Alice,Little,alittle54@ustream.tv,Female,Euro
Heather,Peterson,hpeterson55@cnbc.com,Female,Rupiah
Peter,Garrett,pgarrett56@google.co.jp,Male,Dram
Russell,Walker,rwalker57@google.com.br,Male,Peso
Gerald,Ruiz,gruiz58@uiuc.edu,Male,Balboa
Christine,Ferguson,cferguson59@sourceforge.net,Female,Peso
Ralph,Harrison,rharrison5a@noaa.gov,Male,Shilling
Lisa,Banks,lbanks5b@1688.com,Female,Franc
Ruth,Freeman,rfreeman5c@hugedomains.com,Female,Yuan Renminbi
Barbara,Lopez,blopez5d@walmart.com,Female,Ringgit
Norma,Thomas,nthomas5e@vk.com,Female,Ruble
Mary,Montgomery,mmontgomery5f@mtv.com,Female,Yuan Renminbi
Janice,Carter,jcarter5g@sina.com.cn,Female,Ruble
Harry,Cruz,hcruz5h@aol.com,Male,Yen
Ronald,Perry,rperry5i@marketwatch.com,Male,Dram
Joseph,Crawford,jcrawford5j@goo.gl,Male,Yuan Renminbi
Kelly,Moore,kmoore5k@freewebs.com,Female,Yuan Renminbi
Annie,Perkins,aperkins5l@delicious.com,Female,Yuan Renminbi
Jesse,Wagner,jwagner5m@com.com,Male,Yen
Alan,Richards,arichards5n@tiny.cc,Male,Rupee
Philip,Torres,ptorres5o@istockphoto.com,Male,Hryvnia
Kenneth,Woods,kwoods5p@patch.com,Male,Dinar
Lisa,Carroll,lcarroll5q@epa.gov,Female,Krone
Joseph,Lewis,jlewis5r@usnews.com,Male,Ruble
Anna,Fowler,afowler5s@friendfeed.com,Female,Yuan Renminbi
Craig,Carr,ccarr5t@yelp.com,Male,Euro
Jane,Ward,jward5u@census.gov,Female,Peso
Deborah,Cunningham,dcunningham5v@nytimes.com,Female,Peso
Scott,Dunn,sdunn5w@google.nl,Male,Franc
Kelly,Carter,kcarter5x@lycos.com,Female,Ruble
Albert,Campbell,acampbell5y@trellian.com,Male,Euro
Randy,Garza,rgarza5z@omniture.com,Male,Hryvnia
Jason,Hill,jhill60@ocn.ne.jp,Male,Ruble
Carl,Bailey,cbailey61@icio.us,Male,Yuan Renminbi
Carlos,Nichols,cnichols62@fotki.com,Male,Euro
Gerald,Lawrence,glawrence63@netscape.com,Male,Real
Denise,Welch,dwelch64@youtube.com,Female,Euro
Robin,Campbell,rcampbell65@hugedomains.com,Female,Peso
Harry,Black,hblack66@ifeng.com,Male,Yuan Renminbi
Eric,Fuller,efuller67@alibaba.com,Male,Baht
Phyllis,Dean,pdean68@timesonline.co.uk,Female,Yuan Renminbi
Amanda,Robinson,arobinson69@un.org,Female,Zloty
Rachel,Lee,rlee6a@scientificamerican.com,Female,Yuan Renminbi
Jack,Carter,jcarter6b@time.com,Male,Peso
Rose,Simmons,rsimmons6c@nhs.uk,Female,Yuan Renminbi
Roy,Harrison,rharrison6d@usda.gov,Male,Yuan Renminbi
Antonio,Cox,acox6e@flickr.com,Male,Dollar
Andrew,Rodriguez,arodriguez6f@aboutads.info,Male,Yuan Renminbi
Bobby,Hart,bhart6g@disqus.com,Male,Yuan Renminbi
Walter,Gray,wgray6h@sfgate.com,Male,Euro
Beverly,Wagner,bwagner6i@csmonitor.com,Female,Yuan Renminbi
Judith,Woods,jwoods6j@forbes.com,Female,Peso
Joan,Barnes,jbarnes6k@ebay.co.uk,Female,Peso
Brian,Welch,bwelch6l@artisteer.com,Male,Marka
Clarence,Simmons,csimmons6m@domainmarket.com,Male,Yuan Renminbi
Charles,Bennett,cbennett6n@flickr.com,Male,Euro
Lawrence,Hunter,lhunter6o@instagram.com,Male,Zloty
Justin,Carroll,jcarroll6p@reuters.com,Male,Yuan Renminbi
Eugene,Burns,eburns6q@simplemachines.org,Male,Yuan Renminbi
Gregory,Bishop,gbishop6r@nydailynews.com,Male,Ruble
Scott,Wilson,swilson6s@walmart.com,Male,Zloty
Terry,Bradley,tbradley6t@foxnews.com,Male,Krona
Jesse,Hernandez,jhernandez6u@va.gov,Male,Hryvnia
Mildred,Black,mblack6v@businessweek.com,Female,Boliviano
Judy,Wagner,jwagner6w@berkeley.edu,Female,Zloty
Justin,Greene,jgreene6x@sourceforge.net,Male,Ruble
James,Fields,jfields6y@infoseek.co.jp,Male,Euro
Martin,Bennett,mbennett6z@cbslocal.com,Male,Tenge
Fred,Stevens,fstevens70@bbb.org,Male,Real
Barbara,Holmes,bholmes71@parallels.com,Female,Zloty
Ruby,Flores,rflores72@spotify.com,Female,Baht
Paula,Stewart,pstewart73@chronoengine.com,Female,Yuan Renminbi
Evelyn,Watkins,ewatkins74@indiatimes.com,Female,Peso
Harold,Hicks,hhicks75@baidu.com,Male,Peso
Cynthia,Grant,cgrant76@php.net,Female,Peso
Chris,Gonzales,cgonzales77@adobe.com,Male,Euro
Ralph,Scott,rscott78@drupal.org,Male,Dinar
Patricia,Thompson,pthompson79@opera.com,Female,Ruble
Raymond,Lewis,rlewis7a@ox.ac.uk,Male,Rupiah
Angela,Harrison,aharrison7b@foxnews.com,Female,Euro
Marilyn,Fields,mfields7c@sfgate.com,Female,Koruna
Kathleen,Jones,kjones7d@spotify.com,Female,Yen
Craig,Shaw,cshaw7e@live.com,Male,Peso
Kevin,Payne,kpayne7f@ucsd.edu,Male,Yuan Renminbi
Patricia,Freeman,pfreeman7g@youku.com,Female,Pound
Joe,Boyd,jboyd7h@opera.com,Male,Naira
Daniel,Schmidt,dschmidt7i@umn.edu,Male,Real
Ryan,Burton,rburton7j@washingtonpost.com,Male,Euro
Gerald,Andrews,gandrews7k@yelp.com,Male,Real
Janet,Jones,jjones7l@spiegel.de,Female,Rupiah
Craig,Carter,ccarter7m@noaa.gov,Male,Euro
Debra,Wallace,dwallace7n@odnoklassniki.ru,Female,Euro
Susan,Riley,sriley7o@1und1.de,Female,Ruble
Kathy,Weaver,kweaver7p@businessweek.com,Female,Quetzal
Jose,Mccoy,jmccoy7q@live.com,Male,Peso
Chris,Mitchell,cmitchell7r@tripod.com,Male,Rupiah
Judy,Dunn,jdunn7s@geocities.com,Female,Peso
Ronald,Reid,rreid7t@omniture.com,Male,Yuan Renminbi
Jeremy,Sims,jsims7u@patch.com,Male,Yuan Renminbi
Roy,Foster,rfoster7v@blogs.com,Male,Yuan Renminbi
Theresa,Johnston,tjohnston7w@creativecommons.org,Female,Dollar
Jonathan,Harris,jharris7x@printfriendly.com,Male,Rupiah
Nicholas,Harvey,nharvey7y@nydailynews.com,Male,Yuan Renminbi
Heather,Ramirez,hramirez7z@fotki.com,Female,Yuan Renminbi
Teresa,Gilbert,tgilbert80@tmall.com,Female,Hryvnia
Brenda,Kelley,bkelley81@dedecms.com,Female,Euro
Juan,Fields,jfields82@patch.com,Male,Baht
Jerry,Thomas,jthomas83@de.vu,Male,Lempira
Judy,King,jking84@e-recht24.de,Female,Hryvnia
Donna,Garza,dgarza85@theguardian.com,Female,Baht
Laura,James,ljames86@simplemachines.org,Female,Peso
Robin,Gray,rgray87@etsy.com,Female,Peso
Charles,Martinez,cmartinez88@discuz.net,Male,Koruna
Norma,Wilson,nwilson89@marriott.com,Female,Rupiah
Diane,Sanders,dsanders8a@networksolutions.com,Female,Zloty
Phillip,Johnson,pjohnson8b@behance.net,Male,Peso
Steven,Ramos,sramos8c@deviantart.com,Male,Krona
Melissa,Evans,mevans8d@pinterest.com,Female,Euro
James,Richardson,jrichardson8e@clickbank.net,Male,Yen
Matthew,Owens,mowens8f@examiner.com,Male,Rupiah
James,Lawson,jlawson8g@archive.org,Male,Euro
Adam,Rivera,arivera8h@reverbnation.com,Male,Rupiah
Thomas,Ray,tray8i@phpbb.com,Male,Dinar
Harold,Burns,hburns8j@g.co,Male,Yuan Renminbi
Ernest,Carroll,ecarroll8k@aol.com,Male,Krona
Doris,Lane,dlane8l@oaic.gov.au,Female,Kuna
Alice,Romero,aromero8m@google.nl,Female,Shilling
Mildred,Fox,mfox8n@smugmug.com,Female,Rupiah
Jennifer,Ramirez,jramirez8o@blog.com,Female,Yuan Renminbi
Dorothy,Ramos,dramos8p@360.cn,Female,Peso
Anthony,Bradley,abradley8q@odnoklassniki.ru,Male,Euro
Roger,Butler,rbutler8r@phpbb.com,Male,Yuan Renminbi
Jesse,Cox,jcox8s@google.com,Male,Ruble
Bobby,Gonzalez,bgonzalez8t@devhub.com,Male,Guarani
Alan,Simmons,asimmons8u@behance.net,Male,Yuan Renminbi
Raymond,Cole,rcole8v@mail.ru,Male,Dollar
Melissa,Harris,mharris8w@delicious.com,Female,Ruble
Lois,Stevens,lstevens8x@tinyurl.com,Female,Dollar
Jose,Hudson,jhudson8y@craigslist.org,Male,Yuan Renminbi
Frank,Martin,fmartin8z@salon.com,Male,Lek
Rachel,Romero,rromero90@pen.io,Female,Ruble
Jean,Baker,jbaker91@home.pl,Female,Real
Donna,Ellis,dellis92@addtoany.com,Female,Dollar
Nancy,Day,nday93@printfriendly.com,Female,Euro
Christopher,Gilbert,cgilbert94@dmoz.org,Male,Sol
Arthur,Wright,awright95@themeforest.net,Male,Euro
Marie,Powell,mpowell96@craigslist.org,Female,Ringgit
Virginia,Howard,vhoward97@ustream.tv,Female,Franc
Jason,Turner,jturner98@over-blog.com,Male,Dong
Betty,Chavez,bchavez99@ed.gov,Female,Euro
Russell,Hanson,rhanson9a@wired.com,Male,Krona
Marilyn,Matthews,mmatthews9b@psu.edu,Female,Rand
Kelly,Green,kgreen9c@nasa.gov,Female,Yuan Renminbi
Frank,Alexander,falexander9d@woothemes.com,Male,Peso
Janet,Armstrong,jarmstrong9e@opensource.org,Female,Peso
Betty,Hamilton,bhamilton9f@dedecms.com,Female,Lari
Brandon,Perry,bperry9g@purevolume.com,Male,Yuan Renminbi
Russell,Ryan,rryan9h@booking.com,Male,Yuan Renminbi
Kathy,Chapman,kchapman9i@narod.ru,Female,Sol
Jacqueline,Bell,jbell9j@bloomberg.com,Female,Rial
Howard,Johnston,hjohnston9k@dion.ne.jp,Male,Peso
Bonnie,Rogers,brogers9l@comcast.net,Female,Zloty
Philip,Scott,pscott9m@networksolutions.com,Male,Pound
Sara,Burns,sburns9n@tmall.com,Female,Rupiah
Debra,Payne,dpayne9o@google.cn,Female,Pound
Debra,Lawrence,dlawrence9p@csmonitor.com,Female,Euro
Brian,Stone,bstone9q@instagram.com,Male,Rupiah
Terry,Jones,tjones9r@pagesperso-orange.fr,Male,Euro
Ralph,Jackson,rjackson9s@issuu.com,Male,Dong
Larry,Olson,lolson9t@techcrunch.com,Male,Yuan Renminbi
Matthew,Reid,mreid9u@sakura.ne.jp,Male,Rupiah
Amy,Arnold,aarnold9v@sina.com.cn,Female,Yuan Renminbi
Dennis,Green,dgreen9w@soundcloud.com,Male,Peso
Roger,Ferguson,rferguson9x@typepad.com,Male,Zloty
Victor,Perez,vperez9y@mozilla.com,Male,Rupiah
Emily,James,ejames9z@harvard.edu,Female,Baht
Amanda,Carr,acarra0@google.com.br,Female,Rupiah
Beverly,Wagner,bwagnera1@soundcloud.com,Female,Peso
John,Turner,jturnera2@washington.edu,Male,Zloty
Joshua,Webb,jwebba3@nps.gov,Male,Rupiah
William,Patterson,wpattersona4@nih.gov,Male,Krona
Victor,King,vkinga5@tumblr.com,Male,Ruble
Ruth,Hughes,rhughesa6@reddit.com,Female,Real
Jennifer,Gray,jgraya7@qq.com,Female,Lek
Kelly,Cooper,kcoopera8@ucla.edu,Female,Peso
Kevin,Kelly,kkellya9@usda.gov,Male,Ruble
Deborah,Wheeler,dwheeleraa@thetimes.co.uk,Female,Tugrik
Carlos,Fowler,cfowlerab@dailymail.co.uk,Male,Naira
Robin,Harris,rharrisac@ebay.co.uk,Female,Rial
Tina,Baker,tbakerad@prweb.com,Female,Yuan Renminbi
Helen,Weaver,hweaverae@plala.or.jp,Female,Yuan Renminbi
Todd,Howell,thowellaf@google.cn,Male,Peso
Samuel,Wagner,swagnerag@nature.com,Male,Real
Eric,Martinez,emartinezah@mayoclinic.com,Male,Yuan Renminbi
Patrick,Cruz,pcruzai@smh.com.au,Male,Rupiah
Laura,Franklin,lfranklinaj@who.int,Female,Rial
Donald,Wheeler,dwheelerak@chron.com,Male,Rupiah
Carl,Reed,creedal@ovh.net,Male,Rupee
John,Moore,jmooream@mapy.cz,Male,Franc
Lawrence,Thomas,lthomasan@wufoo.com,Male,Yuan Renminbi
Earl,Woods,ewoodsao@si.edu,Male,Yuan Renminbi
Aaron,Reid,areidap@mashable.com,Male,Lempira
Jimmy,Schmidt,jschmidtaq@oaic.gov.au,Male,Rand
Alan,Ramirez,aramirezar@merriam-webster.com,Male,Taka
Rachel,Woods,rwoodsas@nhs.uk,Female,Ruble
Amanda,Martin,amartinat@privacy.gov.au,Female,Rupiah
Lisa,Griffin,lgriffinau@infoseek.co.jp,Female,Dram
Annie,Martin,amartinav@chicagotribune.com,Female,Real
Jonathan,Murray,jmurrayaw@godaddy.com,Male,Yuan Renminbi
Carl,Phillips,cphillipsax@diigo.com,Male,Rupiah
Patricia,Green,pgreenay@mozilla.org,Female,Rial
Frances,Mccoy,fmccoyaz@free.fr,Female,Ruble
Kelly,Lopez,klopezb0@elpais.com,Female,Krona
Ronald,Carroll,rcarrollb1@answers.com,Male,Ringgit
Marilyn,Brooks,mbrooksb2@fc2.com,Female,Yuan Renminbi
Ruby,Gomez,rgomezb3@sciencedirect.com,Female,Hryvnia
Anthony,Bennett,abennettb4@cyberchimps.com,Male,Real
Andrea,Gordon,agordonb5@ihg.com,Female,Yuan Renminbi
Nancy,Rice,nriceb6@statcounter.com,Female,Euro
Martha,Bell,mbellb7@github.io,Female,Rupiah
Brenda,Adams,badamsb8@goodreads.com,Female,Franc
Melissa,Jordan,mjordanb9@hhs.gov,Female,Peso
Howard,Robinson,hrobinsonba@usa.gov,Male,Quetzal
Anne,Rodriguez,arodriguezbb@ebay.com,Female,Yuan Renminbi
Randy,Martin,rmartinbc@auda.org.au,Male,Rupiah
Jessica,Kennedy,jkennedybd@de.vu,Female,Yuan Renminbi
Joyce,Clark,jclarkbe@flavors.me,Female,Dinar
Janice,Sims,jsimsbf@shutterfly.com,Female,Dollar
Earl,Olson,eolsonbg@cnet.com,Male,Peso
Kevin,Phillips,kphillipsbh@cmu.edu,Male,Yen
Carol,Bennett,cbennettbi@go.com,Female,Euro
Heather,Alexander,halexanderbj@dropbox.com,Female,Real
Michelle,Green,mgreenbk@reddit.com,Female,Yuan Renminbi
Jack,Ferguson,jfergusonbl@dot.gov,Male,Rupiah
Cheryl,Larson,clarsonbm@xing.com,Female,Pound
Carolyn,Washington,cwashingtonbn@scientificamerican.com,Female,Shilling
Sarah,Medina,smedinabo@washingtonpost.com,Female,Baht
Ernest,Watkins,ewatkinsbp@mtv.com,Male,Real
Timothy,Fowler,tfowlerbq@nytimes.com,Male,Rupiah
Edward,Hughes,ehughesbr@epa.gov,Male,Rial
Joyce,Carroll,jcarrollbs@dot.gov,Female,Rupiah
Jean,Snyder,jsnyderbt@buzzfeed.com,Female,Yuan Renminbi
Frances,Hicks,fhicksbu@amazon.co.uk,Female,Real
Donna,Ross,drossbv@smh.com.au,Female,Yen
Annie,Stephens,astephensbw@fastcompany.com,Female,Krone
Fred,Garcia,fgarciabx@umn.edu,Male,Tugrik
Joseph,Black,jblackby@businessinsider.com,Male,Zloty
Ryan,Freeman,rfreemanbz@examiner.com,Male,Dollar
Eugene,Richards,erichardsc0@wisc.edu,Male,Ruble
Ralph,Mitchell,rmitchellc1@hostgator.com,Male,Real
Christine,Long,clongc2@dedecms.com,Female,Rupiah
Patrick,Gonzales,pgonzalesc3@nhs.uk,Male,Yuan Renminbi
Carol,Cook,ccookc4@stanford.edu,Female,Euro
Sharon,Perkins,sperkinsc5@dailymotion.com,Female,Sol
Kathryn,Burton,kburtonc6@ow.ly,Female,Yen
Albert,Thomas,athomasc7@facebook.com,Male,Rupiah
Gary,Fox,gfoxc8@feedburner.com,Male,Sol
Walter,Thomas,wthomasc9@a8.net,Male,Afghani
Helen,Patterson,hpattersonca@theguardian.com,Female,Dollar
Thomas,Rose,trosecb@123-reg.co.uk,Male,Euro
Philip,Gibson,pgibsoncc@spiegel.de,Male,Peso
Jonathan,Frazier,jfraziercd@live.com,Male,Rupiah
Norma,Diaz,ndiazce@japanpost.jp,Female,Zloty
Annie,Day,adaycf@behance.net,Female,Zloty
Judy,Reid,jreidcg@facebook.com,Female,Dong
Anne,Moreno,amorenoch@altervista.org,Female,Rupiah
Kimberly,Elliott,kelliottci@netvibes.com,Female,Euro
Alan,Walker,awalkercj@ycombinator.com,Male,Yuan Renminbi
Clarence,Price,cpriceck@spotify.com,Male,Dram
Linda,Brown,lbrowncl@live.com,Female,Euro
Deborah,Meyer,dmeyercm@amazon.co.jp,Female,Dollar
Margaret,Franklin,mfranklincn@seattletimes.com,Female,Real
Paul,Ray,prayco@netscape.com,Male,Lev
Irene,White,iwhitecp@sakura.ne.jp,Female,Lek
Cheryl,Brooks,cbrookscq@cbsnews.com,Female,Hryvnia
Richard,Morgan,rmorgancr@pinterest.com,Male,Dollar
Marilyn,Griffin,mgriffincs@techcrunch.com,Female,Euro
Earl,Mitchell,emitchellct@dot.gov,Male,Krona
Brenda,Ellis,belliscu@ovh.net,Female,Cordoba
Jean,Sanders,jsanderscv@bbb.org,Female,Peso
Martin,Bradley,mbradleycw@comcast.net,Male,Rupiah
Todd,Parker,tparkercx@scribd.com,Male,Dollar
Harold,Powell,hpowellcy@bravesites.com,Male,Euro
Earl,Young,eyoungcz@unicef.org,Male,Peso
Mary,Simpson,msimpsond0@yandex.ru,Female,Ruble
Anne,Bradley,abradleyd1@mozilla.com,Female,Euro
Janice,Stone,jstoned2@tripadvisor.com,Female,Pound
David,Hawkins,dhawkinsd3@va.gov,Male,Peso
Betty,Ramirez,bramirezd4@ameblo.jp,Female,Yuan Renminbi
Cheryl,Lynch,clynchd5@google.com,Female,Guilder
Patrick,Hernandez,phernandezd6@wsj.com,Male,Rupiah
Brenda,Murphy,bmurphyd7@uiuc.edu,Female,Real
Mary,Miller,mmillerd8@sohu.com,Female,Shilling
Earl,Riley,erileyd9@time.com,Male,Manat
Pamela,Bell,pbellda@liveinternet.ru,Female,Rial
Sandra,Hudson,shudsondb@cnn.com,Female,Ruble
Justin,Bowman,jbowmandc@stumbleupon.com,Male,Euro
Steven,Clark,sclarkdd@java.com,Male,Yuan Renminbi
Keith,Diaz,kdiazde@simplemachines.org,Male,Yuan Renminbi
Roy,Riley,rrileydf@flavors.me,Male,Ruble
Judy,Warren,jwarrendg@mac.com,Female,Dong
Paul,Dean,pdeandh@princeton.edu,Male,Bolivar
Michael,Medina,mmedinadi@engadget.com,Male,Euro
Amy,Fox,afoxdj@yellowpages.com,Female,Ruble
Bobby,Perkins,bperkinsdk@usa.gov,Male,Pound
Joan,Reid,jreiddl@plala.or.jp,Female,Lempira
Beverly,Morrison,bmorrisondm@ibm.com,Female,Rupiah
Dennis,Elliott,delliottdn@omniture.com,Male,Yuan Renminbi
Laura,Edwards,ledwardsdo@phoca.cz,Female,Euro
Eric,Lewis,elewisdp@goo.ne.jp,Male,Yuan Renminbi
Janet,Cooper,jcooperdq@wp.com,Female,Yuan Renminbi
Paula,Knight,pknightdr@imgur.com,Female,Baht
Ann,Perry,aperryds@canalblog.com,Female,Yuan Renminbi
Stephanie,Morales,smoralesdt@smugmug.com,Female,Balboa
Cynthia,Richardson,crichardsondu@hao123.com,Female,Balboa
Roy,Washington,rwashingtondv@unblog.fr,Male,Peso
Walter,Torres,wtorresdw@wunderground.com,Male,Yuan Renminbi
Aaron,Mills,amillsdx@google.co.uk,Male,Ariary
Angela,Sanchez,asanchezdy@who.int,Female,Yuan Renminbi
Kelly,Martin,kmartindz@spiegel.de,Female,Rupiah
Heather,Berry,hberrye0@dion.ne.jp,Female,Ringgit
Sandra,Oliver,solivere1@miitbeian.gov.cn,Female,Peso
Angela,Murray,amurraye2@kickstarter.com,Female,Lek
Shawn,Patterson,spattersone3@hao123.com,Male,Hryvnia
Christina,Austin,caustine4@360.cn,Female,Yuan Renminbi
Wayne,Wheeler,wwheelere5@huffingtonpost.com,Male,Dollar
Maria,Snyder,msnydere6@boston.com,Female,Baht
Jose,Harper,jharpere7@github.com,Male,Hryvnia
Victor,Olson,volsone8@mayoclinic.com,Male,Yuan Renminbi
Andrew,Hughes,ahughese9@angelfire.com,Male,Rupee
Marie,Wells,mwellsea@xinhuanet.com,Female,Zloty
Charles,Allen,calleneb@usatoday.com,Male,Euro
Karen,Harris,kharrisec@goo.ne.jp,Female,Rufiyaa
Debra,Foster,dfostered@seattletimes.com,Female,Ruble
Andrew,Schmidt,aschmidtee@histats.com,Male,Yuan Renminbi
Harold,Perkins,hperkinsef@flickr.com,Male,Peso
Brian,Daniels,bdanielseg@livejournal.com,Male,Peso
Phillip,Robertson,probertsoneh@4shared.com,Male,Dinar
Rachel,Scott,rscottei@addthis.com,Female,Hryvnia
Anne,Little,alittleej@plala.or.jp,Female,Yuan Renminbi
Carolyn,Ford,cfordek@dailymail.co.uk,Female,Peso
Christine,Russell,crussellel@techcrunch.com,Female,Bolivar
Heather,Fuller,hfullerem@hhs.gov,Female,Ruble
Deborah,Cunningham,dcunninghamen@geocities.jp,Female,Euro
Ernest,Reed,ereedeo@mediafire.com,Male,Yuan Renminbi
Amy,Price,apriceep@vinaora.com,Female,Cordoba
Timothy,Flores,tfloreseq@bloglovin.com,Male,Dollar
Kathleen,Collins,kcollinser@state.gov,Female,Yuan Renminbi
Samuel,Henderson,shendersones@sohu.com,Male,Real
Julie,Jackson,jjacksonet@wsj.com,Female,Peso
Anna,Green,agreeneu@bandcamp.com,Female,Peso
Kathryn,Ray,krayev@sciencedaily.com,Female,Euro
Rachel,Clark,rclarkew@slate.com,Female,Yuan Renminbi
Fred,Reyes,freyesex@spotify.com,Male,Yuan Renminbi
Scott,Moreno,smorenoey@networkadvertising.org,Male,Zloty
Susan,Rogers,srogersez@tripod.com,Female,Dollar
Douglas,Kim,dkimf0@g.co,Male,Shekel
Elizabeth,Fuller,efullerf1@desdev.cn,Female,Euro
Brenda,Washington,bwashingtonf2@economist.com,Female,Euro
Joyce,Bowman,jbowmanf3@wisc.edu,Female,Ruble
Thomas,Grant,tgrantf4@clickbank.net,Male,Ruble
Russell,Hughes,rhughesf5@patch.com,Male,Rupiah
Christopher,Robertson,crobertsonf6@godaddy.com,Male,Baht
Keith,Montgomery,kmontgomeryf7@histats.com,Male,Yuan Renminbi
Chris,Banks,cbanksf8@prnewswire.com,Male,Peso
Jack,Harper,jharperf9@nymag.com,Male,Yen
Karen,Edwards,kedwardsfa@marketwatch.com,Female,Sol
Michael,Young,myoungfb@seattletimes.com,Male,Zloty
Rebecca,Black,rblackfc@businessinsider.com,Female,Ruble
Norma,Duncan,nduncanfd@tamu.edu,Female,Rial
Karen,Vasquez,kvasquezfe@ucla.edu,Female,Baht
Joseph,Shaw,jshawff@opensource.org,Male,Rupiah
Christopher,Ryan,cryanfg@ameblo.jp,Male,Zloty
Jesse,Bradley,jbradleyfh@delicious.com,Male,Pa'anga
Kelly,Romero,kromerofi@bloglovin.com,Female,Dinar
Ashley,Martin,amartinfj@goo.ne.jp,Female,Euro
Donald,Fuller,dfullerfk@twitpic.com,Male,Yuan Renminbi
Charles,Cunningham,ccunninghamfl@feedburner.com,Male,Real
Irene,Graham,igrahamfm@hubpages.com,Female,Rupee
Lois,Gutierrez,lgutierrezfn@shinystat.com,Female,Krona
Christopher,Peters,cpetersfo@bloglovin.com,Male,Rupiah
Ralph,Harris,rharrisfp@ovh.net,Male,Peso
Joyce,Ross,jrossfq@squidoo.com,Female,Rupiah
Joan,Ferguson,jfergusonfr@bloglines.com,Female,Tugrik
Carlos,Harper,charperfs@washington.edu,Male,Denar
Jesse,Gray,jgrayft@spiegel.de,Male,Real
Gerald,Snyder,gsnyderfu@tinypic.com,Male,Yuan Renminbi
Annie,Bailey,abaileyfv@tamu.edu,Female,Yen
Marie,Nguyen,mnguyenfw@boston.com,Female,Ruble
Carl,Mcdonald,cmcdonaldfx@mayoclinic.com,Male,Dollar
Andrew,Kennedy,akennedyfy@youtu.be,Male,Kwacha
Michelle,Lynch,mlynchfz@accuweather.com,Female,Dollar
Bruce,Scott,bscottg0@cnet.com,Male,Yuan Renminbi
Benjamin,Carter,bcarterg1@xing.com,Male,Yuan Renminbi
Joyce,Reynolds,jreynoldsg2@bloglovin.com,Female,Krona
Earl,Austin,eausting3@liveinternet.ru,Male,Franc
Gregory,George,ggeorgeg4@cafepress.com,Male,Euro
Marie,Sullivan,msullivang5@quantcast.com,Female,Ruble
Roger,Shaw,rshawg6@yale.edu,Male,Dollar
Beverly,Perkins,bperkinsg7@naver.com,Female,Baht
Timothy,Coleman,tcolemang8@sina.com.cn,Male,Colon
Daniel,Cook,dcookg9@sohu.com,Male,Guarani
Wanda,Jones,wjonesga@acquirethisname.com,Female,Peso
Alice,Ward,awardgb@smugmug.com,Female,Zloty
Ernest,Peters,epetersgc@pcworld.com,Male,Yuan Renminbi
Melissa,Gonzalez,mgonzalezgd@disqus.com,Female,Yuan Renminbi
Teresa,Dean,tdeange@scientificamerican.com,Female,Rupiah
Bonnie,Perez,bperezgf@chron.com,Female,Koruna
Janice,Burton,jburtongg@sun.com,Female,Euro
Angela,Mitchell,amitchellgh@example.com,Female,Yuan Renminbi
Juan,Burton,jburtongi@indiegogo.com,Male,Yuan Renminbi
Denise,Sanders,dsandersgj@ning.com,Female,Peso
Katherine,Gomez,kgomezgk@oracle.com,Female,Manat
Ernest,Mccoy,emccoygl@umn.edu,Male,Yuan Renminbi
Jacqueline,Gilbert,jgilbertgm@scientificamerican.com,Female,Denar
Wayne,Graham,wgrahamgn@meetup.com,Male,Yuan Renminbi
Laura,Hayes,lhayesgo@theguardian.com,Female,Dollar
Stephen,Burton,sburtongp@mit.edu,Male,Krone
Andrea,Andrews,aandrewsgq@adobe.com,Female,Rupiah
Tina,Bradley,tbradleygr@umn.edu,Female,Marka
Earl,Green,egreengs@go.com,Male,Rupiah
Anthony,Price,apricegt@scientificamerican.com,Male,Ruble
Angela,Garza,agarzagu@yahoo.com,Female,Ruble
Benjamin,Vasquez,bvasquezgv@blogtalkradio.com,Male,Ariary
Christina,Simpson,csimpsongw@youtube.com,Female,Ruble
Carl,Peters,cpetersgx@cnn.com,Male,Lempira
Dorothy,Morgan,dmorgangy@auda.org.au,Female,Rupee
Raymond,Greene,rgreenegz@wsj.com,Male,Zloty
Karen,Harvey,kharveyh0@gizmodo.com,Female,Yuan Renminbi
Robert,Mccoy,rmccoyh1@va.gov,Male,Kwanza
Steve,Evans,sevansh2@chronoengine.com,Male,Krona
Carol,Morrison,cmorrisonh3@chicagotribune.com,Female,Baht
Albert,Harvey,aharveyh4@theguardian.com,Male,Rupee
Timothy,Sanchez,tsanchezh5@springer.com,Male,Dollar
Linda,Brown,lbrownh6@pbs.org,Female,Yuan Renminbi
Tammy,Williams,twilliamsh7@technorati.com,Female,Rupiah
Dorothy,Price,dpriceh8@si.edu,Female,Rupiah
Willie,Crawford,wcrawfordh9@tamu.edu,Male,Euro
Pamela,Wright,pwrightha@tripadvisor.com,Female,Peso
Irene,Wagner,iwagnerhb@vk.com,Female,Guarani
James,Rice,jricehc@taobao.com,Male,Dollar
Frances,Ray,frayhd@nps.gov,Female,Yen
Frances,Hawkins,fhawkinshe@europa.eu,Female,Euro
Norma,Gordon,ngordonhf@parallels.com,Female,Colon
Russell,Wright,rwrighthg@devhub.com,Male,Koruna
Phillip,Adams,padamshh@loc.gov,Male,Won
Sharon,Porter,sporterhi@shutterfly.com,Female,Zloty
Shawn,Sanchez,ssanchezhj@imgur.com,Male,Yuan Renminbi
Lois,Fox,lfoxhk@fc2.com,Female,Yuan Renminbi
Jesse,Chavez,jchavezhl@ibm.com,Male,Peso
Donald,Adams,dadamshm@artisteer.com,Male,Krone
Raymond,Woods,rwoodshn@berkeley.edu,Male,Euro
Nicholas,Hall,nhallho@nhs.uk,Male,Peso
Norma,Woods,nwoodshp@netscape.com,Female,Euro
Gloria,Cox,gcoxhq@walmart.com,Female,Krona
Rachel,Hamilton,rhamiltonhr@pen.io,Female,Yen
Evelyn,Bryant,ebryanths@webmd.com,Female,Lempira
Melissa,Harvey,mharveyht@aol.com,Female,Rupiah
Sandra,Morgan,smorganhu@paypal.com,Female,Ruble
William,Ward,wwardhv@newsvine.com,Male,Yuan Renminbi
Stephen,Spencer,sspencerhw@imgur.com,Male,Ouguiya
Mary,Gonzales,mgonzaleshx@bbc.co.uk,Female,Real
Eugene,Montgomery,emontgomeryhy@narod.ru,Male,Hryvnia
Elizabeth,Johnson,ejohnsonhz@paypal.com,Female,Baht
Gary,Frazier,gfrazieri0@shop-pro.jp,Male,Sol
Elizabeth,Mccoy,emccoyi1@hatena.ne.jp,Female,Peso
Joan,Perez,jperezi2@sogou.com,Female,Quetzal
Amanda,Palmer,apalmeri3@yahoo.com,Female,Yuan Renminbi
Irene,Ryan,iryani4@t-online.de,Female,Franc
Heather,Vasquez,hvasquezi5@umn.edu,Female,Ariary
Terry,Allen,talleni6@cloudflare.com,Male,Baht
Virginia,Morrison,vmorrisoni7@hexun.com,Female,Rupiah
Carl,Harris,charrisi8@telegraph.co.uk,Male,Euro
Carl,Shaw,cshawi9@cafepress.com,Male,Rupiah
Steven,Nichols,snicholsia@1und1.de,Male,Zloty
Cynthia,Nguyen,cnguyenib@amazon.co.uk,Female,Yuan Renminbi
Linda,Henry,lhenryic@devhub.com,Female,Som
Steve,Mitchell,smitchellid@techcrunch.com,Male,Peso
Christopher,Powell,cpowellie@flavors.me,Male,Naira
Antonio,Alexander,aalexanderif@archive.org,Male,Euro
Raymond,Banks,rbanksig@ebay.com,Male,Baht
Sara,Harrison,sharrisonih@disqus.com,Female,Hryvnia
Fred,Schmidt,fschmidtii@nasa.gov,Male,Peso
Nicole,Ryan,nryanij@lycos.com,Female,Koruna
Lois,Kennedy,lkennedyik@wordpress.com,Female,Peso
Evelyn,Sullivan,esullivanil@rakuten.co.jp,Female,Ruble
Rachel,Smith,rsmithim@cbslocal.com,Female,Baht
Ruth,Bennett,rbennettin@issuu.com,Female,Ruble
Joan,Reyes,jreyesio@tripod.com,Female,Baht
Thomas,Alexander,talexanderip@intel.com,Male,Afghani
Irene,Ray,irayiq@clickbank.net,Female,Rupiah
Keith,Fields,kfieldsir@apple.com,Male,Yuan Renminbi
Melissa,Banks,mbanksis@vkontakte.ru,Female,Baht
Samuel,Ford,sfordit@xrea.com,Male,Euro
Paul,Nelson,pnelsoniu@google.ru,Male,Krona
Jack,Banks,jbanksiv@narod.ru,Male,Euro
Steven,Ortiz,sortiziw@newsvine.com,Male,Guilder
Henry,Watson,hwatsonix@intel.com,Male,Yuan Renminbi
Timothy,Simmons,tsimmonsiy@sciencedaily.com,Male,Yuan Renminbi
Karen,Wheeler,kwheeleriz@indiegogo.com,Female,Peso
Joyce,Hicks,jhicksj0@cnbc.com,Female,Peso
Julia,Boyd,jboydj1@creativecommons.org,Female,Rupiah
Debra,Garrett,dgarrettj2@reference.com,Female,Cordoba
Carolyn,Daniels,cdanielsj3@answers.com,Female,Yuan Renminbi
Eric,Scott,escottj4@wunderground.com,Male,Sol
Tina,Gutierrez,tgutierrezj5@stanford.edu,Female,Franc
Harry,Hughes,hhughesj6@goo.ne.jp,Male,Taka
Betty,Kelley,bkelleyj7@theatlantic.com,Female,Euro
Nicholas,Graham,ngrahamj8@sogou.com,Male,Peso
Roy,Jenkins,rjenkinsj9@bbc.co.uk,Male,Cedi
Fred,Foster,ffosterja@wp.com,Male,Dong
Juan,Reid,jreidjb@shinystat.com,Male,Dollar
Judy,Berry,jberryjc@qq.com,Female,Baht
Phyllis,Marshall,pmarshalljd@google.nl,Female,Euro
Carlos,Carpenter,ccarpenterje@mit.edu,Male,Euro
Rebecca,Russell,rrusselljf@imageshack.us,Female,Euro
Earl,Harris,eharrisjg@gravatar.com,Male,Peso
Robin,Wagner,rwagnerjh@blogger.com,Female,Yuan Renminbi
Larry,Kelly,lkellyji@rakuten.co.jp,Male,Real
Amanda,Washington,awashingtonjj@amazon.de,Female,Yuan Renminbi
Doris,Grant,dgrantjk@google.com,Female,Real
Emily,George,egeorgejl@123-reg.co.uk,Female,Yuan Renminbi
Jimmy,Smith,jsmithjm@csmonitor.com,Male,Shilling
Donald,Sanders,dsandersjn@bloomberg.com,Male,Dollar
Louis,Howard,lhowardjo@homestead.com,Male,Peso
Lori,Watkins,lwatkinsjp@craigslist.org,Female,Euro
Jonathan,Diaz,jdiazjq@github.io,Male,Yuan Renminbi
Doris,James,djamesjr@google.de,Female,Sol
Virginia,Coleman,vcolemanjs@scribd.com,Female,Hryvnia
Russell,Frazier,rfrazierjt@omniture.com,Male,Euro
Kimberly,Reyes,kreyesju@sciencedaily.com,Female,Euro
Denise,Black,dblackjv@icq.com,Female,Rupiah
Arthur,Murphy,amurphyjw@weather.com,Male,Peso
Tammy,Roberts,trobertsjx@dagondesign.com,Female,Manat
Raymond,Owens,rowensjy@t-online.de,Male,Euro
Joshua,Hamilton,jhamiltonjz@bizjournals.com,Male,Yuan Renminbi
Sandra,West,swestk0@lulu.com,Female,Ruble
Jessica,West,jwestk1@mtv.com,Female,Real
Brenda,Elliott,belliottk2@stanford.edu,Female,Won
Kevin,Montgomery,kmontgomeryk3@archive.org,Male,Rupiah
Steve,Hayes,shayesk4@gizmodo.com,Male,Peso
Gregory,Harper,gharperk5@sfgate.com,Male,Yuan Renminbi
Laura,Olson,lolsonk6@sina.com.cn,Female,Shekel
William,Gray,wgrayk7@blogs.com,Male,Ruble
Gloria,Owens,gowensk8@naver.com,Female,Yuan Renminbi
Catherine,Mcdonald,cmcdonaldk9@ihg.com,Female,Kuna
Ruth,Nguyen,rnguyenka@smh.com.au,Female,Leone
Adam,Kelly,akellykb@whitehouse.gov,Male,Rupiah
Robin,Garza,rgarzakc@about.me,Female,Yuan Renminbi
Lois,Gordon,lgordonkd@yellowbook.com,Female,Baht
Christopher,Jordan,cjordanke@scientificamerican.com,Male,Rupiah
Albert,Hernandez,ahernandezkf@pinterest.com,Male,Yuan Renminbi
Jesse,Hayes,jhayeskg@google.co.uk,Male,Euro
Theresa,Sanders,tsanderskh@yellowpages.com,Female,Yen
Thomas,Davis,tdaviski@slideshare.net,Male,Koruna
George,Sullivan,gsullivankj@thetimes.co.uk,Male,Euro
Larry,Hamilton,lhamiltonkk@dagondesign.com,Male,Yuan Renminbi
Patricia,Smith,psmithkl@feedburner.com,Female,Zloty
Kevin,Tucker,ktuckerkm@columbia.edu,Male,Afghani
Jean,Gray,jgraykn@alexa.com,Female,Rupiah
Amanda,Myers,amyersko@statcounter.com,Female,Tugrik
Joseph,Robertson,jrobertsonkp@amazon.de,Male,Yuan Renminbi
Gregory,Riley,grileykq@oakley.com,Male,Hryvnia
Harry,Thompson,hthompsonkr@trellian.com,Male,Hryvnia
Debra,Medina,dmedinaks@webnode.com,Female,Rupiah
Martha,Sanders,msanderskt@unc.edu,Female,Krona
Jason,Ward,jwardku@indiatimes.com,Male,Yuan Renminbi
Judith,Foster,jfosterkv@nps.gov,Female,Rupiah
Lillian,Mason,lmasonkw@free.fr,Female,Euro
Irene,Green,igreenkx@g.co,Female,Krone
Angela,Berry,aberryky@about.com,Female,Euro
Jeremy,Perkins,jperkinskz@symantec.com,Male,Sol
Martin,Alexander,malexanderl0@cyberchimps.com,Male,Euro
Howard,Hunt,hhuntl1@jiathis.com,Male,Koruna
Virginia,Hansen,vhansenl2@alibaba.com,Female,Rupee
Daniel,Sullivan,dsullivanl3@google.es,Male,Ruble
Alice,Harvey,aharveyl4@huffingtonpost.com,Female,Yuan Renminbi
Charles,Anderson,candersonl5@sourceforge.net,Male,Boliviano
Sandra,Bradley,sbradleyl6@ox.ac.uk,Female,Real
Albert,Carpenter,acarpenterl7@princeton.edu,Male,Yuan Renminbi
Shawn,Phillips,sphillipsl8@engadget.com,Male,Peso
Janice,Romero,jromerol9@bloomberg.com,Female,Peso
Henry,Powell,hpowellla@house.gov,Male,Yuan Renminbi
Judy,Ferguson,jfergusonlb@google.fr,Female,Euro
Tina,Gomez,tgomezlc@liveinternet.ru,Female,Krone
Shawn,Lawson,slawsonld@google.co.jp,Male,Rupiah
Edward,Murphy,emurphyle@dot.gov,Male,Dollar
Jose,Bennett,jbennettlf@artisteer.com,Male,Euro
Jeffrey,Young,jyounglg@usda.gov,Male,Peso
Beverly,Robinson,brobinsonlh@dailymail.co.uk,Female,Peso
Ryan,Ferguson,rfergusonli@pinterest.com,Male,Peso
Frances,Bailey,fbaileylj@nba.com,Female,Rupiah
Harry,Simmons,hsimmonslk@patch.com,Male,Rupiah
Betty,Simmons,bsimmonsll@paypal.com,Female,Rupiah
Patrick,Fields,pfieldslm@uol.com.br,Male,Peso
Laura,Jacobs,ljacobsln@xinhuanet.com,Female,Pound
Martin,Rivera,mriveralo@geocities.com,Male,Peso
Evelyn,Lawrence,elawrencelp@imgur.com,Female,Zloty
Alan,Scott,ascottlq@huffingtonpost.com,Male,Ruble
Daniel,Butler,dbutlerlr@google.es,Male,Kuna
Donald,Reed,dreedls@census.gov,Male,Peso
Michelle,Ruiz,mruizlt@china.com.cn,Female,Rupiah
Diane,Hayes,dhayeslu@youtu.be,Female,Dollar
Brian,Martin,bmartinlv@mediafire.com,Male,Dollar
Diane,Mitchell,dmitchelllw@ebay.com,Female,Baht
Carol,Perez,cperezlx@diigo.com,Female,Zloty
Kenneth,Fox,kfoxly@cnn.com,Male,Peso
Paul,Reyes,preyeslz@i2i.jp,Male,Real
Jose,Little,jlittlem0@com.com,Male,Lev
Jessica,Daniels,jdanielsm1@baidu.com,Female,Rupiah
Anthony,Johnson,ajohnsonm2@ning.com,Male,Yuan Renminbi
Brian,Cole,bcolem3@ustream.tv,Male,Ringgit
Jessica,Stewart,jstewartm4@gizmodo.com,Female,Yuan Renminbi
Rose,Wheeler,rwheelerm5@discuz.net,Female,Hryvnia
Peter,Allen,pallenm6@bigcartel.com,Male,Euro
Joyce,Parker,jparkerm7@baidu.com,Female,Yuan Renminbi
Teresa,Crawford,tcrawfordm8@state.tx.us,Female,Bolivar
Melissa,Coleman,mcolemanm9@gov.uk,Female,Yuan Renminbi
George,Ray,grayma@wp.com,Male,Euro
Clarence,Ryan,cryanmb@t.co,Male,Krona
Victor,Gomez,vgomezmc@weather.com,Male,Naira
Justin,Scott,jscottmd@photobucket.com,Male,Lempira
Ashley,Washington,awashingtonme@51.la,Female,Quetzal
Helen,Fields,hfieldsmf@joomla.org,Female,Yuan Renminbi
Randy,Hall,rhallmg@vistaprint.com,Male,Real
Joshua,Daniels,jdanielsmh@flickr.com,Male,Euro
Raymond,Morris,rmorrismi@sina.com.cn,Male,Quetzal
Jonathan,Myers,jmyersmj@youku.com,Male,Dollar
Marie,Gray,mgraymk@facebook.com,Female,Real
Ashley,Warren,awarrenml@wiley.com,Female,Yuan Renminbi
David,Dixon,ddixonmm@cisco.com,Male,Krona
Raymond,Garcia,rgarciamn@si.edu,Male,Peso
Gloria,Allen,gallenmo@cocolog-nifty.com,Female,Yuan Renminbi
Amy,Perkins,aperkinsmp@state.tx.us,Female,Rupiah
Cynthia,Russell,crussellmq@github.io,Female,Yuan Renminbi
Janet,Garza,jgarzamr@live.com,Female,Koruna
Michelle,Fuller,mfullerms@globo.com,Female,Euro
Lori,Harris,lharrismt@blogspot.com,Female,Yuan Renminbi
Marie,Ford,mfordmu@dailymotion.com,Female,Yuan Renminbi
Evelyn,Rogers,erogersmv@wikimedia.org,Female,Yuan Renminbi
Scott,Garcia,sgarciamw@arstechnica.com,Male,Krona
Terry,Clark,tclarkmx@virginia.edu,Male,Lev
Larry,Howell,lhowellmy@wikipedia.org,Male,Yuan Renminbi
Cheryl,Brown,cbrownmz@marriott.com,Female,Yuan Renminbi
Frances,Welch,fwelchn0@go.com,Female,Yuan Renminbi
William,Kim,wkimn1@topsy.com,Male,Peso
Ashley,Hicks,ahicksn2@i2i.jp,Female,Dollar
Kathleen,Ward,kwardn3@posterous.com,Female,Rupiah
Marie,Ramirez,mramirezn4@nifty.com,Female,Rupiah
Willie,Duncan,wduncann5@nydailynews.com,Male,Euro
Rebecca,Dixon,rdixonn6@walmart.com,Female,Franc
Elizabeth,Torres,etorresn7@un.org,Female,Real
Lisa,Little,llittlen8@constantcontact.com,Female,Dinar
Maria,Bryant,mbryantn9@wp.com,Female,Yuan Renminbi
Nancy,Alvarez,nalvarezna@illinois.edu,Female,Yuan Renminbi
Doris,Hanson,dhansonnb@flickr.com,Female,Ruble
Jacqueline,Griffin,jgriffinnc@goodreads.com,Female,Dollar
Shawn,Garza,sgarzand@prlog.org,Male,Yuan Renminbi
Andrew,Taylor,ataylorne@nhs.uk,Male,Yuan Renminbi
Donald,Boyd,dboydnf@walmart.com,Male,Afghani
David,Jacobs,djacobsng@marriott.com,Male,Dollar
Eugene,Mason,emasonnh@youtube.com,Male,Rupee
Carol,Gardner,cgardnerni@wired.com,Female,Rupiah
Michelle,Bell,mbellnj@gov.uk,Female,Kwanza
Karen,Richards,krichardsnk@g.co,Female,Rupiah
Gregory,Powell,gpowellnl@hao123.com,Male,Ringgit
Elizabeth,Morrison,emorrisonnm@scientificamerican.com,Female,Yuan Renminbi
Cynthia,Gutierrez,cgutierreznn@apple.com,Female,Rupiah
Ernest,Gray,egrayno@samsung.com,Male,Boliviano
Michelle,Gomez,mgomeznp@wunderground.com,Female,Ouguiya
Jerry,Woods,jwoodsnq@shop-pro.jp,Male,Shekel
Eric,Peters,epetersnr@4shared.com,Male,Euro
Andrea,Perez,aperezns@google.com.br,Female,Euro
Tina,Diaz,tdiaznt@cbc.ca,Female,Ruble
Cynthia,Bennett,cbennettnu@ow.ly,Female,Dollar
Michelle,Green,mgreennv@google.ru,Female,Hryvnia
Carl,Fowler,cfowlernw@globo.com,Male,Cedi
James,Jacobs,jjacobsnx@state.tx.us,Male,Real
Samuel,Woods,swoodsny@pcworld.com,Male,Shekel
Louis,Jacobs,ljacobsnz@earthlink.net,Male,Rupiah
Arthur,Stewart,astewarto0@wikia.com,Male,Yuan Renminbi
Maria,Thomas,mthomaso1@goo.ne.jp,Female,Rupiah
Harold,Bennett,hbennetto2@woothemes.com,Male,Yuan Renminbi
Bobby,Roberts,brobertso3@shutterfly.com,Male,Zloty
Maria,Chapman,mchapmano4@usda.gov,Female,Dirham
Barbara,Gonzales,bgonzaleso5@instagram.com,Female,Afghani
Shawn,Hudson,shudsono6@wsj.com,Male,Dollar
Ashley,Hunt,ahunto7@nih.gov,Female,Yuan Renminbi
Judy,Boyd,jboydo8@drupal.org,Female,Dollar
Douglas,Hunt,dhunto9@geocities.com,Male,Yuan Renminbi
Joe,Fernandez,jfernandezoa@cpanel.net,Male,Pula
Jason,Wilson,jwilsonob@twitpic.com,Male,Yuan Renminbi
Katherine,Lee,kleeoc@cpanel.net,Female,Euro
Marilyn,Little,mlittleod@typepad.com,Female,Rupiah
Christine,Hamilton,chamiltonoe@shop-pro.jp,Female,Kuna
Rose,Rodriguez,rrodriguezof@cnet.com,Female,Euro
Nicholas,Banks,nbanksog@ustream.tv,Male,Yuan Renminbi
Diane,Henderson,dhendersonoh@vistaprint.com,Female,Rupiah
Ruth,Reid,rreidoi@imageshack.us,Female,Yen
Jane,Medina,jmedinaoj@macromedia.com,Female,Krona
Daniel,Hunter,dhunterok@theguardian.com,Male,Peso
Elizabeth,Snyder,esnyderol@nih.gov,Female,Dollar
Christine,Turner,cturnerom@google.ru,Female,Lek
James,Ray,jrayon@comsenz.com,Male,Euro
Lois,Gutierrez,lgutierrezoo@is.gd,Female,Krona
Amy,Dunn,adunnop@webnode.com,Female,Kuna
Cynthia,Rivera,criveraoq@dion.ne.jp,Female,Euro
Janice,Wright,jwrightor@howstuffworks.com,Female,Yen
Paul,Burke,pburkeos@home.pl,Male,Krona
Jonathan,Robinson,jrobinsonot@ihg.com,Male,Euro
Ruth,Hunter,rhunterou@prnewswire.com,Female,Dirham
Ralph,Nichols,rnicholsov@huffingtonpost.com,Male,Zloty
Catherine,Ward,cwardow@toplist.cz,Female,Euro
James,Parker,jparkerox@github.com,Male,Yuan Renminbi
Philip,Gomez,pgomezoy@gmpg.org,Male,Yuan Renminbi
Lillian,West,lwestoz@springer.com,Female,Peso
Roy,Ramirez,rramirezp0@uol.com.br,Male,Pound
Debra,Banks,dbanksp1@umich.edu,Female,Rupiah
Frances,Rice,fricep2@oaic.gov.au,Female,Shekel
Scott,Carter,scarterp3@quantcast.com,Male,Rupiah
Roger,Dean,rdeanp4@webeden.co.uk,Male,Loti
Ruby,Brooks,rbrooksp5@altervista.org,Female,Dollar
George,Bell,gbellp6@360.cn,Male,Som
Samuel,Mitchell,smitchellp7@cloudflare.com,Male,Ruble
Mark,Bishop,mbishopp8@geocities.com,Male,Ruble
Anna,Castillo,acastillop9@cocolog-nifty.com,Female,Euro
Frances,Palmer,fpalmerpa@webnode.com,Female,Dirham
Aaron,Perez,aperezpb@sohu.com,Male,Euro
Kathryn,Miller,kmillerpc@jigsy.com,Female,Peso
Russell,Green,rgreenpd@blogtalkradio.com,Male,Euro
Larry,King,lkingpe@lulu.com,Male,Dollar
Gloria,Butler,gbutlerpf@sohu.com,Female,Tugrik
Nicholas,Ray,nraypg@freewebs.com,Male,Rupiah
Matthew,Lawson,mlawsonph@nasa.gov,Male,Yen
Martha,Wood,mwoodpi@marriott.com,Female,Yuan Renminbi
Richard,Banks,rbankspj@fastcompany.com,Male,Krona
Michelle,Chapman,mchapmanpk@aol.com,Female,Sol
Antonio,Patterson,apattersonpl@multiply.com,Male,Euro
Debra,Martin,dmartinpm@newyorker.com,Female,Euro
Gloria,Ramirez,gramirezpn@soup.io,Female,Peso
Jason,Welch,jwelchpo@accuweather.com,Male,Rupiah
Nicole,Williamson,nwilliamsonpp@netlog.com,Female,Dollar
Gregory,Meyer,gmeyerpq@zdnet.com,Male,Peso
Richard,Hall,rhallpr@wordpress.org,Male,Peso
Christina,Meyer,cmeyerps@harvard.edu,Female,Dollar
Jack,Barnes,jbarnespt@engadget.com,Male,Rupee
Kimberly,Morrison,kmorrisonpu@elegantthemes.com,Female,Riels
Patrick,Wilson,pwilsonpv@cpanel.net,Male,Krona
Katherine,Burns,kburnspw@cbc.ca,Female,Yuan Renminbi
Gary,Tucker,gtuckerpx@cyberchimps.com,Male,Real
Anthony,Lawson,alawsonpy@arstechnica.com,Male,Rupiah
Chris,Wright,cwrightpz@ameblo.jp,Male,Rial
Teresa,Morgan,tmorganq0@goo.gl,Female,Rand
Irene,Roberts,irobertsq1@ning.com,Female,Ringgit
Jason,Hanson,jhansonq2@usgs.gov,Male,Rupiah
Mildred,Kelly,mkellyq3@wiley.com,Female,Yuan Renminbi
Billy,Perez,bperezq4@si.edu,Male,Peso
Beverly,Robinson,brobinsonq5@barnesandnoble.com,Female,Ruble
Peter,Dixon,pdixonq6@feedburner.com,Male,Rand
Evelyn,Riley,erileyq7@de.vu,Female,Zloty
William,Wheeler,wwheelerq8@patch.com,Male,Kyat
Martha,Burton,mburtonq9@seesaa.net,Female,Franc
Louis,Hawkins,lhawkinsqa@studiopress.com,Male,Baht
Mildred,Gonzalez,mgonzalezqb@cafepress.com,Female,Rand
Melissa,Smith,msmithqc@earthlink.net,Female,Peso
Willie,Mcdonald,wmcdonaldqd@smh.com.au,Male,Yuan Renminbi
Ronald,West,rwestqe@dedecms.com,Male,Baht
Phillip,Coleman,pcolemanqf@aol.com,Male,Yuan Renminbi
Martha,Edwards,medwardsqg@pagesperso-orange.fr,Female,Peso
Gerald,Hill,ghillqh@shutterfly.com,Male,Dram
Stephen,Campbell,scampbellqi@globo.com,Male,Zloty
Mark,Hanson,mhansonqj@census.gov,Male,Peso
Nicholas,Martin,nmartinqk@nytimes.com,Male,Rupiah
Diana,Tucker,dtuckerql@lulu.com,Female,Real
Cynthia,Wallace,cwallaceqm@goo.gl,Female,Peso
Norma,Ortiz,nortizqn@google.com.au,Female,Baht
Daniel,Burton,dburtonqo@t.co,Male,Franc
Robert,Banks,rbanksqp@theglobeandmail.com,Male,Tugrik
Diane,Owens,dowensqq@lycos.com,Female,Rupiah
Judith,Woods,jwoodsqr@dropbox.com,Female,Yuan Renminbi
Angela,Taylor,ataylorqs@google.com.hk,Female,Euro
Lori,Richards,lrichardsqt@cbslocal.com,Female,Ruble
Julia,Brown,jbrownqu@slashdot.org,Female,Dinar
Irene,Burke,iburkeqv@behance.net,Female,Zloty
Juan,King,jkingqw@quantcast.com,Male,Rand
Mildred,Larson,mlarsonqx@51.la,Female,Peso
Helen,Gardner,hgardnerqy@accuweather.com,Female,Ruble
Sara,Torres,storresqz@mail.ru,Female,Yuan Renminbi
Robin,Ellis,rellisr0@spiegel.de,Female,Koruna
Sara,Bishop,sbishopr1@hp.com,Female,Rupiah
Marilyn,Rodriguez,mrodriguezr2@about.com,Female,Euro
Brenda,Freeman,bfreemanr3@hud.gov,Female,Dong
Jack,Evans,jevansr4@oakley.com,Male,Gourde
Stephanie,Montgomery,smontgomeryr5@myspace.com,Female,Dinar
Kelly,Grant,kgrantr6@ehow.com,Female,Rupiah
Kenneth,Martinez,kmartinezr7@networkadvertising.org,Male,Euro
Joyce,Morales,jmoralesr8@zdnet.com,Female,Baht
Nicholas,Sanchez,nsanchezr9@hexun.com,Male,Euro
Nicole,Hudson,nhudsonra@blinklist.com,Female,Peso
Raymond,Wheeler,rwheelerrb@hud.gov,Male,Yuan Renminbi
Teresa,Scott,tscottrc@imageshack.us,Female,Peso
Karen,Wallace,kwallacerd@un.org,Female,Euro
Brenda,Rivera,briverare@cbc.ca,Female,Yuan Renminbi
Clarence,Day,cdayrf@geocities.com,Male,Yuan Renminbi
Russell,Mcdonald,rmcdonaldrg@indiegogo.com,Male,Peso
Joan,Hunt,jhuntrh@photobucket.com,Female,Peso
Christina,Cox,ccoxri@gravatar.com,Female,Pula
Bonnie,Campbell,bcampbellrj@yahoo.com,Female,Hryvnia
Sean,Alvarez,salvarezrk@goo.ne.jp,Male,Peso
Jesse,Perry,jperryrl@eepurl.com,Male,Franc
Robert,Allen,rallenrm@chronoengine.com,Male,Kyat
Judith,Perez,jperezrn@indiatimes.com,Female,Euro
Diana,James,djamesro@cnet.com,Female,Zloty
Richard,Parker,rparkerrp@ameblo.jp,Male,Rupiah
Paula,Kennedy,pkennedyrq@surveymonkey.com,Female,Krona
Brandon,Austin,baustinrr@mashable.com,Male,Peso
